[
  {
    "uid": "7952226615",
    "currency": "USDT",
    "amount": 98.0,
    "fee": 2.0,
    "time": 1752150965
  },
  {
    "uid": "6320706651",
    "currency": "EGP",
    "amount": 4900.0,
    "fee": 100.0,
    "time": 1752193686,
    "user_name": "Asser",
    "user_phone": "1",
    "status": "pending"
  },
  {
    "uid": "8077232177",
    "currency": "USDT",
    "amount": 980.0,
    "fee": 20.0,
    "time": 1752249884,
    "user_name": "Asser159357",
    "user_phone": "ناصر",
    "status": "pending"
  }
]