[
  {
    "uid": 7952226615,
    "currency": "EGP",
    "amount": 1000.0,
    "time": 1752006591,
    "name": "اسر",
    "phone": "1"
  },
  {
    "uid": 7952226615,
    "currency": "EGP",
    "amount": 200.0,
    "time": 1752167743,
    "name": "نجلاء محمد فوقي",
    "phone": "000"
  },
  {
    "uid": 8077232177,
    "currency": "EGP",
    "amount": 5000.0,
    "time": 1752193420,
    "user_name": "ناصر محمد ناصر",
    "user_phone": "010000000",
    "status": "pending"
  },
  {
    "uid": 8077232177,
    "currency": "EGP",
    "amount": 123456.0,
    "time": 1752238619,
    "user_name": "ناصر محمد",
    "user_phone": "01227911081",
    "status": "pending"
  },
  {
    "uid": "8077232177",
    "currency": "USDT",
    "amount": 1.0,
    "time": 1752249760,
    "user_name": "",
    "user_phone": "",
    "status": "pending"
  },
  {
    "uid": "7918659799",
    "currency": "EGP",
    "amount": 1000.0,
    "time": 1752258776,
    "user_name": "فرح فرح فرح",
    "user_phone": "فرح",
    "status": "pending"
  },
  {
    "uid": "7952226615",
    "currency": "EGP",
    "amount": 1476.0,
    "time": 1752358608,
    "user_name": "Asser Abdelkader",
    "user_phone": "01227911081",
    "status": "pending"
  }
]