{
  "6320706651": {
    "name": "Asser",
    "email": "n01227911081@gmail.com",
    "phone": "1",
    "password": "Asser159357",
    "balance": {
      "AC": 48133.34,
      "EGP": 0.0,
      "USDT": 0.0
    },
    "plans": [
      {
        "type": "monthly",
        "amount": 100.0,
        "join_date": 1752004687,
        "duration": 40,
        "last_payout": 1752004687
      },
      {
        "type": "daily",
        "amount": 5000.0,
        "join_date": 1752004708,
        "duration": 40,
        "last_payout": 1752539252.821303
      }
    ],
    "accepted_terms": true,
    "acceptance_time": 1752004642,
    "team_count": 0,
    "invite_code": "Jr_24crptKk",
    "inviter_id": null
  },
  "7952226615": {
    "name": "Asser",
    "email": "n01227911081@gmail.com",
    "phone": "1",
    "password": "Asser159357",
    "balance": {
      "AC": 666802696.668,
      "EGP": 200.0,
      "USDT": 0.0
    },
    "plans": [
      {
        "type": "daily",
        "amount": 100000000000.0,
        "join_date": 1752014149,
        "duration": 40,
        "last_payout": 1752539252.821303
      },
      {
        "type": "monthly",
        "amount": 10.0,
        "join_date": 1752082962,
        "duration": 40,
        "last_payout": 1752082962
      },
      {
        "type": "weekly",
        "amount": 100.0,
        "join_date": 1752191673,
        "duration": 40,
        "last_payout": 1752191673
      },
      {
        "type": "daily",
        "amount": 1000.0,
        "join_date": 1752191841,
        "duration": 40,
        "last_payout": 1752539252.821303
      }
    ],
    "accepted_terms": true,
    "acceptance_time": 1752171910,
    "team_count": 0,
    "invite_code": "ut9UCV96NW0",
    "inviter_id": null
  },
  "1016630649": {
    "name": "مؤمن الانصاري",
    "email": "momenelanssary268@gmail.com",
    "phone": "0201002514119",
    "password": "01022161Mm",
    "balance": {
      "AC": 0.41673332999999996,
      "EGP": 0.0,
      "USDT": 0.0
    },
    "plans": [
      {
        "type": "monthly",
        "amount": 50.0,
        "join_date": 1752082943,
        "duration": 40,
        "last_payout": 1752082943
      },
      {
        "type": "daily",
        "amount": 50.0,
        "join_date": 1752082966,
        "duration": 40,
        "last_payout": 1752539252.821303
      }
    ],
    "accepted_terms": true,
    "acceptance_time": 1752079669,
    "team_count": 0,
    "invite_code": "xrT5hT_M4z4",
    "inviter_id": null
  },
  "7858566912": {
    "name": "أحمد صلاح محمد",
    "email": "asoas975531@gmail.com",
    "phone": "01033378143",
    "password": "975531",
    "balance": {
      "AC": 0.0,
      "EGP": 0.0,
      "USDT": 0.0
    },
    "plans": [
      {
        "type": "monthly",
        "amount": 60.0,
        "join_date": 1752175920,
        "duration": 40,
        "last_payout": 1752175920
      }
    ],
    "accepted_terms": false,
    "acceptance_time": null,
    "team_count": 0,
    "invite_code": "pZIB1V-aeIM",
    "inviter_id": null
  },
  "8077232177": {
    "name": "Asser159357",
    "email": "ناصر",
    "phone": "ناصر",
    "password": "Asser159357",
    "balance": {
      "AC": 0.06667999999999999,
      "EGP": 0.0,
      "USDT": 999045.0
    },
    "plans": [
      {
        "type": "daily",
        "amount": 10.0,
        "join_date": 1752187365,
        "duration": 40,
        "last_payout": 1752539252.821303
      }
    ],
    "accepted_terms": true,
    "acceptance_time": 1752191802,
    "team_count": 0,
    "invite_code": "Ws7quHdYoRc",
    "inviter_id": null,
    "banned": false,
    "ban_reason": "",
    "ban_time": null
  },
  "8160791024": {
    "name": "يوسف",
    "email": "يوسف",
    "phone": "يوسف",
    "password": "يوسف",
    "balance": {
      "AC": 0.0,
      "EGP": 0.0,
      "USDT": 0.0
    },
    "plans": [],
    "accepted_terms": true,
    "acceptance_time": 1752192117,
    "team_count": 0,
    "invite_code": "FOwkkki3hYc",
    "inviter_id": null,
    "banned": false,
    "ban_reason": "",
    "ban_time": null
  },
  "6276243213": {
    "name": "Moshaks",
    "email": "ggfghhhggffxddd@gmail.com",
    "phone": "01288221494",
    "password": "0123456789",
    "balance": {
      "AC": 0.0,
      "EGP": 0.0,
      "USDT": 0.0
    },
    "plans": [],
    "accepted_terms": true,
    "acceptance_time": 1752251280,
    "team_count": 0,
    "invite_code": "99oXebVwWbA",
    "inviter_id": null,
    "banned": false,
    "ban_reason": "",
    "ban_time": null
  },
  "7918659799": {
    "name": "فرح احمد",
    "email": "فرح",
    "phone": "فرح",
    "password": "فرح",
    "balance": {
      "AC": 6.667999999999999,
      "EGP": 0.0,
      "USDT": 0.0
    },
    "plans": [
      {
        "type": "daily",
        "amount": 1000.0,
        "join_date": 1752259328,
        "duration": 40,
        "last_payout": 1752539252.821303
      }
    ],
    "accepted_terms": true,
    "acceptance_time": 1752258736,
    "team_count": 0,
    "invite_code": "sCJ9mtiSsvg",
    "inviter_id": null,
    "banned": false,
    "ban_reason": "",
    "ban_time": null
  }
}